{"cameraMode":{"drawMode":0,"name":"Shaded","section":"Shading Mode"},"sceneLighting":false,"audioPlay":false,"sceneViewState":{"showFog":true,"showMaterialUpdate":false,"showSkybox":false,"showFlares":true,"showImageEffects":true,"showParticleSystems":true},"in2DMode":false,"pivot":{"x":-0.07170014083385468,"y":0.09184947609901428,"z":0.3506452739238739},"rotation":{"x":-0.006253440864384174,"y":0.9684048891067505,"z":-0.24810977280139924,"w":-0.024407947435975076},"size":0.44578099250793459,"orthographic":false}