{"cameraMode":{"drawMode":0,"name":"Shaded","section":"Shading Mode"},"sceneLighting":false,"audioPlay":false,"sceneViewState":{"showFog":true,"showMaterialUpdate":false,"showSkybox":false,"showFlares":true,"showImageEffects":true,"showParticleSystems":true},"in2DMode":false,"pivot":{"x":-0.025114329531788827,"y":-0.03594169765710831,"z":-0.101107656955719},"rotation":{"x":-0.00012727822468150407,"y":0.9995318651199341,"z":-0.030304817482829095,"w":-0.004197209142148495},"size":0.44578099250793459,"orthographic":false}